{
  "candidates": [
    {
      "candidate_id": "c001",
      "flags": [],
      "scores": {
        "placeholder_score": 0.82
      },
      "sequence_sha256": "sha256:3129186e0a45a30f1fdd52bac74389b97c617aea27c7f34c886a245bb3d254cf"
    },
    {
      "candidate_id": "c002",
      "flags": [],
      "scores": {
        "placeholder_score": 0.82
      },
      "sequence_sha256": "sha256:e71326fa8fe890cf31be6daea2331f79e8328d7ab7a89b673b06cc125f74a814"
    },
    {
      "candidate_id": "c003",
      "flags": [],
      "scores": {
        "placeholder_score": 0.82
      },
      "sequence_sha256": "sha256:4c4b5925bae1028141f7388c54fbfa2a76a155ad724358a7220c93f6534d0605"
    },
    {
      "candidate_id": "c004",
      "flags": [],
      "scores": {
        "placeholder_score": 0.84
      },
      "sequence_sha256": "sha256:4c30296344bd268a89639480bc6a16b2e3e22fe94dbbeca178252d385fa5a7af"
    },
    {
      "candidate_id": "c005",
      "flags": [],
      "scores": {
        "placeholder_score": 0.82
      },
      "sequence_sha256": "sha256:26ea14232ca897f3880e6459d4b80c9b0d6aeaec94df4a6743d36a58805b8d71"
    }
  ],
  "evidenceModules": [
    {
      "artifacts": [],
      "assumptions": {
        "fixed_positions_interpretation": "1_indexed"
      },
      "id": "E_SEQ_001",
      "metrics": {
        "candidate_count": 5,
        "forbidden_motif_hits_total": 0,
        "max_length": 50,
        "min_length": 50
      },
      "status": "ok",
      "uncertainty": {
        "kind": "none"
      }
    },
    {
      "artifacts": [],
      "assumptions": {
        "solvent": "water"
      },
      "id": "E_CELLFREE_001",
      "metrics": {
        "cofactor_requirements": [],
        "missing_cofactors": [],
        "ph": 7.4,
        "temperature_c": 25
      },
      "status": "ok",
      "uncertainty": {
        "kind": "none"
      }
    },
    {
      "artifacts": [],
      "assumptions": {
        "statement": "placeholder"
      },
      "id": "E_UNC_001",
      "metrics": {
        "kind": "unknowns_list"
      },
      "status": "ok",
      "uncertainty": {
        "kind": "none"
      }
    }
  ],
  "header": {
    "artifactVersion": "1.0",
    "backend": {
      "details": {
        "complete": true,
        "cuda": null,
        "os": "Linux-6.6.87.2-microsoft-standard-WSL2-x86_64-with-glibc2.39",
        "python": "3.12.3",
        "schema_version": "backend-fingerprint/v1"
      },
      "kind": "cpu"
    },
    "createdUtc": "1970-01-01T00:00:00Z",
    "determinismClass": "D0",
    "engineVersion": "d6ce2724be4ec6d5344695e5c48455a065fdca65",
    "policyHash": "sha256:cb7caadbb7296447e02d9f79ff44b147d9080d3ec65d576a9b356f0c6661391f",
    "policyName": "enzyme-audit-strict-v1",
    "policyPath": "inputs/policy.json",
    "runId": "golden_d0",
    "semanticHash": "sha256:be912e6f6e1f08f613e1f4e65c693328ec510e08f89d8d691e254315d2096f2e",
    "trust": "core_unverified",
    "trustCheckVersion": "trust-check/v1"
  },
  "schema": {
    "kind": "helix.enzyme.evidence",
    "version": 1
  }
}
