{
  "schema": "helix_run_evidence_v1",
  "evidence_id": "helix-run-02f979ce770f5b036fe774cf8b83544b",
  "helix_version": "1.1.5",
  "generated_at": "1970-01-01T00:00:00Z",
  "include_sequence": false,
  "decision_mode_requested": "filter_only",
  "decision_mode_eligible": false,
  "decision_mode": "filter_only",
  "outcome_value_label": "score",
  "interpretation": "exploratory_uncalibrated",
  "provenance_header": "Helix provenance: mode=EXPLORATORY policy=unknown license=none issuer=none attestation=none",
  "provenance_block": {
    "decision_mode": "filter_only",
    "policy_id": null,
    "policy_hash": null,
    "license_id": null,
    "issuer_key_id": null,
    "org_id": null,
    "edit_program_id": null,
    "attestation_sha256": null,
    "tool_dist": "helix",
    "tool_version": "1.1.5"
  },
  "decision_grade_proof": null,
  "governance": {
    "is_demo": false,
    "watermark": "EXPLORATORY \u2014 NOT DECISION-GRADE",
    "stamp_lines": [
      "governance_decision_mode: filter_only",
      "governance_interpretation: exploratory_uncalibrated"
    ],
    "decision_grade_proof": null
  },
  "limitations": {
    "doc_slug": "crispr_edit_dag_limitations",
    "doc_version": "1.0",
    "doc_last_updated": "2025-12-26",
    "timestamp_utc": "1970-01-01T00:00:00Z",
    "banner": "Limitations apply: CRISPR Edit DAG model is not validated for kinetic or safety-critical prediction.",
    "doc_url": "https://omniscoder.github.io/Helix/model_limitations/crispr_edit_dag_limitations/"
  },
  "run": {
    "run_id": "demo1",
    "run_label": "demo1",
    "kind": "crispr",
    "guide_id": "demo1",
    "target_locus": "demo:0-80",
    "outcomes": 4,
    "preset_id": null,
    "backend": "cpu-reference",
    "scoring_versions": {
      "crispr": "1.0.0",
      "prime": "1.0.0"
    }
  },
  "genome": {
    "id": "demo:0-80",
    "sequence": null,
    "sequence_hash": "9aa766ce6fc22d5cf96568fa5af3b9e0d43f6cde51508e2dba9611696f1d061e",
    "length": 80,
    "include_sequence": false
  },
  "outcomes": [
    {
      "name": "no_cut",
      "category": "",
      "prob": 0.615,
      "delta_bp": null,
      "peak_position": null,
      "position_min": null,
      "position_max": null,
      "frameshift": null,
      "microhomology": null,
      "physics": {}
    },
    {
      "name": "small_deletion",
      "category": "",
      "prob": 0.165,
      "delta_bp": null,
      "peak_position": null,
      "position_min": null,
      "position_max": null,
      "frameshift": null,
      "microhomology": null,
      "physics": {}
    },
    {
      "name": "small_insertion",
      "category": "",
      "prob": 0.135,
      "delta_bp": null,
      "peak_position": null,
      "position_min": null,
      "position_max": null,
      "frameshift": null,
      "microhomology": null,
      "physics": {}
    },
    {
      "name": "large_deletion",
      "category": "",
      "prob": 0.085,
      "delta_bp": null,
      "peak_position": null,
      "position_min": null,
      "position_max": null,
      "frameshift": null,
      "microhomology": null,
      "physics": {}
    }
  ],
  "preset": null,
  "physics": {},
  "run_artifact": {
    "artifact_hash": "7f4383d4995155d17cff1f21a6e5c3c4319f099212b99d2220c5c4b4aa6959eb",
    "build_fingerprint": {
      "cuda_driver": null,
      "cuda_visible_devices": null,
      "git_sha": "fd73c516de4c75bb611b4ce654ff31ed44d4303a",
      "implementation": "CPython",
      "platform": "deterministic",
      "python": "3.12"
    },
    "calibration": {
      "metrics": null,
      "ood": null,
      "regime_id": null,
      "status": "missing"
    },
    "claims": {
      "checks_passed": [],
      "provenance": {},
      "status": "unsupported"
    },
    "created_at_utc": "1970-01-01T00:00:00Z",
    "decision_grade_proof": {
      "calibration_bundle": {
        "calibration_dataset_checksum": null,
        "calibration_dataset_id": null,
        "checksum": null,
        "evaluation_code_hash": null,
        "id": null,
        "model_hash": null,
        "model_id": null,
        "model_version": null
      },
      "calibration_dataset": {
        "checksum": null,
        "id": null
      },
      "status": "absent",
      "uncertainty": {
        "kind": null,
        "required_credible_interval_keys": [
          "control.intended_functional_p",
          "control.no_cut_p",
          "outcomes.top_p"
        ],
        "status": "not_computed"
      }
    },
    "decision_mode": "filter_only",
    "decision_mode_eligible": false,
    "decision_mode_requested": null,
    "determinism_mode": "tolerant",
    "engine": {
      "backend": "cpu-reference",
      "backend_reason": null,
      "crispr_scoring_version": "1.0.0",
      "name": "helix_native",
      "prime_scoring_version": "1.0.0"
    },
    "float_policy": {
      "deterministic_kernels": true,
      "tolerance": 1e-06
    },
    "graph": {
      "edges": [],
      "nodes": [],
      "source": null,
      "terminal_sum": 0.0,
      "terminals": []
    },
    "inputs": {
      "cut_index": {
        "status": "missing",
        "value": null
      },
      "genome_build_id": null,
      "pam_index": {
        "index_id": null,
        "requested": false,
        "status": "missing"
      },
      "species_detection": null,
      "target_locus": {
        "contig": "demo",
        "end": 80,
        "normalized": "demo:0-80",
        "start": 0,
        "status": "resolved"
      }
    },
    "mass": {
      "displayed_mass": 0.0,
      "epsilon": 1e-06,
      "renorm_reason": null,
      "renormalized": false,
      "residual_mass": 0.0,
      "sinks_enabled": false,
      "terminal_sum": 0.0
    },
    "provenance": {},
    "run_id": "demo1",
    "settings": {
      "pruning": {},
      "ui_view_settings": {}
    },
    "validity": {
      "blocked_features": [
        "simulation",
        "probabilities",
        "export",
        "decision_mode"
      ],
      "root_causes": [
        "CUT_INDEX_UNAVAILABLE"
      ],
      "status": "invalid"
    },
    "version": "1.1.5"
  },
  "run_summary_v2": null,
  "checksums": {
    "payload_sha256": "3faa1103c3a327c3e2ae1c128af45b72e33bec3366d2af1143150037688d67fa"
  }
}