{
  "artifact_filename": "demo_prime1.export.png",
  "artifact_sha256": "sha256:0d18e3169a5d9960868b47ac255ab39ef29aaf0c466a8b6accfd8832076c1152",
  "artifact_surface": "run_export",
  "artifact_type": "image_export",
  "context": {
    "supported_context_hash": null,
    "supported_context_id": null
  },
  "contract_hash": "518be1abd20a080a233c4dfae460aaebd13f3de88fe14ea5b038244750f1419a",
  "contract_id": "cli_session_contract_v2",
  "governance": {
    "decision_support_enabled": false,
    "decision_support_requested": false,
    "denial_reason_code": null,
    "export_class": "exploratory",
    "governance_decision_mode": "filter_only",
    "governance_interpretation": "exploratory_uncalibrated"
  },
  "governance_payload": {
    "decision_grade_proof": {
      "calibration_bundle": {
        "calibration_dataset_checksum": null,
        "calibration_dataset_id": null,
        "checksum": null,
        "evaluation_code_hash": null,
        "id": null,
        "model_hash": null,
        "model_id": null,
        "model_version": null
      },
      "calibration_dataset": {
        "checksum": null,
        "id": null
      },
      "status": "absent",
      "uncertainty": {
        "kind": null,
        "required_credible_interval_keys": [
          "control.intended_functional_p",
          "control.no_cut_p",
          "outcomes.top_p"
        ],
        "status": "not_computed"
      }
    },
    "decision_mode": "filter_only",
    "interpretation": "exploratory_uncalibrated",
    "is_demo": false,
    "stamp_lines": [
      "governance_decision_mode: filter_only",
      "governance_interpretation: exploratory_uncalibrated"
    ],
    "watermark": "EXPLORATORY \u2014 NOT DECISION-GRADE"
  },
  "limitations_stamp": {
    "banner": "Limitations apply: CRISPR Edit DAG model is not validated for kinetic or safety-critical prediction.",
    "doc_last_updated": "2025-12-26",
    "doc_slug": "crispr_edit_dag_limitations",
    "doc_url": "https://omniscoder.github.io/Helix/model_limitations/crispr_edit_dag_limitations/",
    "doc_version": "1.0",
    "timestamp_utc": "1970-01-01T00:00:00Z"
  },
  "linkage": {
    "embedded_chunks_sha256": null,
    "embedded_png_text_chunks_present": true
  },
  "run_id": "demo_prime1",
  "schema_version": "helix_png_provenance_v1",
  "timestamp_utc": "1970-01-01T00:00:00Z",
  "versions": {
    "app_version": "1.1.5",
    "baseline_hash": null,
    "baseline_id": null,
    "dataset_version_hash": null,
    "model_hash": null,
    "params_bundle_hash": null
  }
}
