{
  "header": {
    "contractHash": "518be1abd20a080a233c4dfae460aaebd13f3de88fe14ea5b038244750f1419a",
    "contractId": "cli_session_contract_v2",
    "determinismClass": "D1",
    "policyHash": "sha256:c38f862d322524c21bb4dc4cf0fdc9334cc5dbfa65f35913ae1cbb7de1d8731b",
    "semanticHash": "sha256:197f75fbfad96c3b8a1a07e5d9ab0d1667338529215ea501bf96fe9050f75a07"
  },
  "runs": [
    {
      "cut_index": null,
      "edit_type": "prime",
      "engine": {
        "backend": "cpu-reference",
        "backend_reason": null,
        "crispr_scoring_version": "1.0.0",
        "name": "helix_native",
        "prime_scoring_version": "1.0.0"
      },
      "guide_id": "PEG_demo1",
      "metadata": {
        "artifact_hash": "4d58a6d3da3196c21ef88e034c131532ad3557db68524fa0551170d279373e09",
        "author": "helix",
        "backend": "cpu-reference",
        "draws": 200,
        "git_sha": "fd73c516de4c75bb611b4ce654ff31ed44d4303a",
        "helix_version": "1.1.5",
        "pam_profile": "SpRY_NNN",
        "pam_softness": 0.0,
        "priors_profile": "default_indel",
        "project_id": "demo",
        "run_artifact": {
          "artifact_hash": "4d58a6d3da3196c21ef88e034c131532ad3557db68524fa0551170d279373e09",
          "build_fingerprint": {
            "cuda_driver": null,
            "cuda_visible_devices": null,
            "git_sha": "fd73c516de4c75bb611b4ce654ff31ed44d4303a",
            "implementation": "CPython",
            "platform": "deterministic",
            "python": "3.12"
          },
          "calibration": {
            "metrics": null,
            "ood": null,
            "regime_id": null,
            "status": "missing"
          },
          "claims": {
            "checks_passed": [
              "CLAIMS_UNSUPPORTED"
            ],
            "provenance": {
              "config_hash": null,
              "data_regime_ids": null,
              "model_hash": null
            },
            "status": "unsupported"
          },
          "created_at_utc": "1970-01-01T00:00:00Z",
          "decision_grade_proof": {
            "calibration_bundle": {
              "calibration_dataset_checksum": null,
              "calibration_dataset_id": null,
              "checksum": null,
              "evaluation_code_hash": null,
              "id": null,
              "model_hash": null,
              "model_id": null,
              "model_version": null
            },
            "calibration_dataset": {
              "checksum": null,
              "id": null
            },
            "status": "absent",
            "uncertainty": {
              "kind": null,
              "required_credible_interval_keys": [
                "control.intended_functional_p",
                "control.no_cut_p",
                "outcomes.top_p"
              ],
              "status": "not_computed"
            }
          },
          "decision_mode": "filter_only",
          "decision_mode_eligible": false,
          "decision_mode_requested": null,
          "determinism_mode": "tolerant",
          "engine": {
            "backend": "cpu-reference",
            "backend_reason": null,
            "crispr_scoring_version": "1.0.0",
            "name": "helix_native",
            "prime_scoring_version": "1.0.0"
          },
          "float_policy": {
            "deterministic_kernels": true,
            "tolerance": 1e-06
          },
          "graph": {
            "edge_count": 5,
            "edges": [
              {
                "prob": 0.43,
                "rule": "outcome",
                "source": "root",
                "target": "outcome_1"
              },
              {
                "prob": 0.26,
                "rule": "outcome",
                "source": "root",
                "target": "outcome_2"
              },
              {
                "prob": 0.155,
                "rule": "outcome",
                "source": "root",
                "target": "outcome_3"
              },
              {
                "prob": 0.105,
                "rule": "outcome",
                "source": "root",
                "target": "outcome_4"
              },
              {
                "prob": 0.05,
                "rule": "outcome",
                "source": "root",
                "target": "outcome_5"
              }
            ],
            "graph_hash": "06bb5e7493bbde1845bc2a50847cf10acd5ba7f9afb6df91d8cc1168023e31ef",
            "node_count": 6,
            "nodes": [
              {
                "id": "root",
                "p_edge_in": [],
                "p_node": 1.0,
                "parents": [],
                "state_digest": null,
                "type": "root"
              },
              {
                "id": "outcome_1",
                "p_edge_in": [
                  {
                    "parent_id": "root",
                    "prob": 0.43
                  }
                ],
                "p_node": 0.43,
                "parents": [
                  "root"
                ],
                "state_digest": "8122033208f47f2a830498ab3ac1d777605972f47ea3089607da00e8edc10314",
                "type": "terminal"
              },
              {
                "id": "outcome_2",
                "p_edge_in": [
                  {
                    "parent_id": "root",
                    "prob": 0.26
                  }
                ],
                "p_node": 0.26,
                "parents": [
                  "root"
                ],
                "state_digest": "35d7d8a39e669a985a480a9f9562c98b88ae0e8d9a34032fef47c413b30ad0a8",
                "type": "terminal"
              },
              {
                "id": "outcome_3",
                "p_edge_in": [
                  {
                    "parent_id": "root",
                    "prob": 0.155
                  }
                ],
                "p_node": 0.155,
                "parents": [
                  "root"
                ],
                "state_digest": "cace6dd80c0e767b8f6841926d53a5c92a775945a7cf51a3d6b55128b9691762",
                "type": "terminal"
              },
              {
                "id": "outcome_4",
                "p_edge_in": [
                  {
                    "parent_id": "root",
                    "prob": 0.105
                  }
                ],
                "p_node": 0.105,
                "parents": [
                  "root"
                ],
                "state_digest": "f879d27ce6d8ed0a7c584a729f87e5052c86542318e201404410e69f3d6fb8fb",
                "type": "terminal"
              },
              {
                "id": "outcome_5",
                "p_edge_in": [
                  {
                    "parent_id": "root",
                    "prob": 0.05
                  }
                ],
                "p_node": 0.05,
                "parents": [
                  "root"
                ],
                "state_digest": "363c7bd4cc32765b8541dfd2cb2d8aaebda5a2020570c7d2af3c591bd5294a35",
                "type": "terminal"
              }
            ],
            "root_id": "root",
            "sinks": [],
            "source": "outcomes",
            "terminal_sum": 1.0,
            "terminals": [
              "outcome_1",
              "outcome_2",
              "outcome_3",
              "outcome_4",
              "outcome_5"
            ],
            "terminals_nice": [
              "outcome_1",
              "outcome_2",
              "outcome_3",
              "outcome_4",
              "outcome_5"
            ]
          },
          "inputs": {
            "cut_index": {
              "status": "missing",
              "value": null
            },
            "genome_build_id": null,
            "pam_index": {
              "index_id": null,
              "requested": false,
              "status": "missing"
            },
            "species_detection": null,
            "target_locus": {
              "contig": "demo_emx1",
              "end": 46,
              "normalized": "demo_emx1:0-46",
              "start": 0,
              "status": "resolved"
            }
          },
          "mass": {
            "displayed_mass": 1.0,
            "epsilon": 1e-06,
            "renorm_reason": null,
            "renormalized": false,
            "residual_mass": 0.0,
            "sinks_enabled": false,
            "terminal_sum": 1.0
          },
          "provenance": {},
          "run_id": "demo_prime1",
          "settings": {
            "pruning": {},
            "ui_view_settings": {}
          },
          "validity": {
            "blocked_features": [],
            "root_causes": [
              "CALIBRATION_MISSING",
              "CLAIMS_UNSUPPORTED",
              "UNCERTAINTY_INCOMPLETE",
              "INTENDED_EDIT_SPEC_INCOMPLETE",
              "PROVENANCE_INCOMPLETE",
              "INTENT_SPEC_INCOMPLETE_REQUIRED_FIELDS"
            ],
            "status": "valid"
          },
          "version": "1.1.5"
        },
        "run_id": "demo_prime1",
        "scenario": "demo_prime_minimal",
        "seed": 42
      },
      "outcomes": [
        {
          "category": "",
          "delta_bp": null,
          "frameshift": null,
          "microhomology": null,
          "name": "left_flap",
          "peak_position": null,
          "physics": null,
          "position_max": null,
          "position_min": null,
          "prob": 0.43
        },
        {
          "category": "",
          "delta_bp": null,
          "frameshift": null,
          "microhomology": null,
          "name": "right_flap",
          "peak_position": null,
          "physics": null,
          "position_max": null,
          "position_min": null,
          "prob": 0.26
        },
        {
          "category": "",
          "delta_bp": null,
          "frameshift": null,
          "microhomology": null,
          "name": "indel_loss",
          "peak_position": null,
          "physics": null,
          "position_max": null,
          "position_min": null,
          "prob": 0.155
        },
        {
          "category": "",
          "delta_bp": null,
          "frameshift": null,
          "microhomology": null,
          "name": "reanneal",
          "peak_position": null,
          "physics": null,
          "position_max": null,
          "position_min": null,
          "prob": 0.105
        },
        {
          "category": "",
          "delta_bp": null,
          "frameshift": null,
          "microhomology": null,
          "name": "no_edit",
          "peak_position": null,
          "physics": null,
          "position_max": null,
          "position_min": null,
          "prob": 0.05
        }
      ],
      "pam_index": null,
      "parent_run_id": null,
      "physics": {},
      "run_id": "demo_prime1",
      "sequence": "TTGCTCGACAGGAGAGAGAGAGCCTGACCTGACCTGACCTGACCTG",
      "target_locus": "demo_emx1:0-46"
    }
  ],
  "state": {
    "apply_history": [],
    "base_position_calibration_previews": [],
    "base_position_calibration_profiles": [],
    "calibration_previews": [],
    "calibration_profiles": [],
    "config": {},
    "dag_from_runtime": null,
    "edit_plan": {
      "mode": "cut",
      "notes": [],
      "schema": "helix_edit_plan_v1",
      "targets": []
    },
    "experiment_intent_spec": {
      "decisionQuestion": "",
      "decisionRule": {
        "notes": "",
        "rule": ""
      },
      "hypothesis": "",
      "intentId": "unset",
      "perturbation": {
        "modality": "",
        "notes": "",
        "target": ""
      },
      "premortem": [],
      "readout": {
        "measurement": "",
        "notes": ""
      },
      "schema": "helix_experiment_intent_spec_v1",
      "snapshots": {
        "analysisPlan": null,
        "assumedCellContext": null,
        "guideSet": null,
        "offTargetPolicyMode": null,
        "targetLocusResolution": null
      }
    },
    "experiment_spec": {
      "assumptions": {},
      "constraints": {},
      "editModalities": [],
      "experimentId": "unset",
      "intent": "knockout",
      "locus": {
        "chr": "",
        "end": 0,
        "start": 0,
        "strand": "+"
      },
      "reference": {
        "contig": "",
        "genomeBuild": ""
      },
      "schema": "helix_experiment_spec_v1"
    },
    "genome_hash": null,
    "genome_source": "inline",
    "genome_uri": null,
    "helixspec_path": null,
    "helixspec_text": "",
    "outcomes": [],
    "prime_multiplex_calibration_previews": [],
    "prime_multiplex_calibration_profiles": [],
    "results_records": [],
    "run_artifact": null,
    "run_artifact_hash": null,
    "run_id": 0,
    "run_kind": "NONE",
    "suggested_priors": [],
    "suggested_priors_history": [],
    "suggested_priors_seq": 0,
    "viz_dirty": true,
    "viz_spec_payload": null
  },
  "timestamp": "1970-01-01T00:00:00+00:00",
  "version": 2
}