{
  "model_semantics": {
    "scorers": [
      {
        "calibration_domain": null,
        "implementation": {
          "backend_kind": "cpu",
          "build_id": null,
          "git_sha": "d6ce2724be4ec6d5344695e5c48455a065fdca65"
        },
        "name": "placeholder_score",
        "tolerance": 0.0,
        "tolerance_mode": "abs",
        "version": "0.1.0"
      }
    ],
    "scoring_profile": "enzyme-audit-strict-v1"
  },
  "policy": {
    "policyHash": "sha256:cb7caadbb7296447e02d9f79ff44b147d9080d3ec65d576a9b356f0c6661391f",
    "policyName": "enzyme-audit-strict-v1",
    "policyVersion": "1.0.0"
  },
  "program_id": "enzyme_program_golden_v1",
  "runs": [
    {
      "constraints": {
        "sequence": {
          "fixed_positions": {
            "3": "H"
          },
          "length_range": [
            50,
            60
          ]
        }
      },
      "environment": {
        "assumption_domain": "aq_buffer_25C",
        "ph": 7.4,
        "solvent": "water",
        "temperature_c": 25
      },
      "reaction": {
        "reaction_id": "rxn_001",
        "representation": {
          "kind": "rxn_smiles",
          "value": "CCO>>CC=O"
        }
      },
      "run_id": "golden_d0",
      "scoring_profile": "enzyme-audit-strict-v1",
      "search": {
        "algorithm": "enumerate",
        "budget": {
          "candidates": 5,
          "iterations": 10
        },
        "determinism_class": "D0",
        "seed": 42
      },
      "task_type": "single_enzyme"
    }
  ],
  "schema": {
    "kind": "helix.enzyme.ir",
    "version": 1
  },
  "session_id": "enzyme_contract_v1_golden"
}
