{
  "createdUtc": "1970-01-01T00:00:00Z",
  "program_id": "enzyme_program_golden_v1",
  "runs": [
    {
      "backend": {
        "details": {
          "complete": true,
          "cuda": null,
          "os": "Linux-6.6.87.2-microsoft-standard-WSL2-x86_64-with-glibc2.39",
          "python": "3.12.3",
          "schema_version": "backend-fingerprint/v1"
        },
        "kind": "cpu"
      },
      "determinismClass": "D0",
      "inputs": {
        "config_sha256": "sha256:fbbcf36c7da6b18cf6ffe9f3510e50bd79eb15988b30b7f37145ea36e139532e",
        "ir_sha256": "sha256:be912e6f6e1f08f613e1f4e65c693328ec510e08f89d8d691e254315d2096f2e",
        "policy_sha256": "sha256:cb7caadbb7296447e02d9f79ff44b147d9080d3ec65d576a9b356f0c6661391f"
      },
      "outputs": {
        "evidence": "evidence/golden_d0.evidence.json",
        "export": "exports/golden_d0.export.json",
        "report": "reports/helix_enzyme_report_golden_d0.html"
      },
      "runId": "golden_d0",
      "status": "ok",
      "trust": "core_unverified"
    }
  ],
  "schema": {
    "kind": "helix.session",
    "version": 1
  },
  "session_id": "enzyme_contract_v1_golden"
}
