{
  "schema": "helix_run_evidence_v1",
  "evidence_id": "helix-run-c3595617ebc64df252b37fefac8e7ffb",
  "helix_version": "1.1.5",
  "generated_at": "1970-01-01T00:00:00Z",
  "include_sequence": false,
  "decision_mode_requested": "filter_only",
  "decision_mode_eligible": false,
  "decision_mode": "filter_only",
  "outcome_value_label": "score",
  "interpretation": "exploratory_uncalibrated",
  "provenance_header": "Helix provenance: mode=EXPLORATORY policy=unknown license=none issuer=none attestation=none",
  "provenance_block": {
    "decision_mode": "filter_only",
    "policy_id": null,
    "policy_hash": null,
    "license_id": null,
    "issuer_key_id": null,
    "org_id": null,
    "edit_program_id": null,
    "attestation_sha256": null,
    "tool_dist": "helix",
    "tool_version": "1.1.5"
  },
  "decision_grade_proof": null,
  "governance": {
    "is_demo": false,
    "watermark": "EXPLORATORY \u2014 NOT DECISION-GRADE",
    "stamp_lines": [
      "governance_decision_mode: filter_only",
      "governance_interpretation: exploratory_uncalibrated"
    ],
    "decision_grade_proof": null
  },
  "limitations": {
    "doc_slug": "crispr_edit_dag_limitations",
    "doc_version": "1.0",
    "doc_last_updated": "2025-12-26",
    "timestamp_utc": "1970-01-01T00:00:00Z",
    "banner": "Limitations apply: CRISPR Edit DAG model is not validated for kinetic or safety-critical prediction.",
    "doc_url": "https://omniscoder.github.io/Helix/model_limitations/crispr_edit_dag_limitations/"
  },
  "run": {
    "run_id": "demo_prime1",
    "run_label": "PEG_demo1",
    "kind": "prime",
    "guide_id": "PEG_demo1",
    "target_locus": "demo_emx1:0-46",
    "outcomes": 5,
    "preset_id": null,
    "backend": "cpu-reference",
    "scoring_versions": {
      "crispr": "1.0.0",
      "prime": "1.0.0"
    }
  },
  "genome": {
    "id": "demo_emx1:0-46",
    "sequence": null,
    "sequence_hash": "2825f0a83c4843694cbc69485e6656675395cb720ba769a3945454a60c786031",
    "length": 46,
    "include_sequence": false
  },
  "outcomes": [
    {
      "name": "left_flap",
      "category": "",
      "prob": 0.43,
      "delta_bp": null,
      "peak_position": null,
      "position_min": null,
      "position_max": null,
      "frameshift": null,
      "microhomology": null,
      "physics": {}
    },
    {
      "name": "right_flap",
      "category": "",
      "prob": 0.26,
      "delta_bp": null,
      "peak_position": null,
      "position_min": null,
      "position_max": null,
      "frameshift": null,
      "microhomology": null,
      "physics": {}
    },
    {
      "name": "indel_loss",
      "category": "",
      "prob": 0.155,
      "delta_bp": null,
      "peak_position": null,
      "position_min": null,
      "position_max": null,
      "frameshift": null,
      "microhomology": null,
      "physics": {}
    },
    {
      "name": "reanneal",
      "category": "",
      "prob": 0.105,
      "delta_bp": null,
      "peak_position": null,
      "position_min": null,
      "position_max": null,
      "frameshift": null,
      "microhomology": null,
      "physics": {}
    },
    {
      "name": "no_edit",
      "category": "",
      "prob": 0.05,
      "delta_bp": null,
      "peak_position": null,
      "position_min": null,
      "position_max": null,
      "frameshift": null,
      "microhomology": null,
      "physics": {}
    }
  ],
  "preset": null,
  "physics": {},
  "run_artifact": {
    "artifact_hash": "4d58a6d3da3196c21ef88e034c131532ad3557db68524fa0551170d279373e09",
    "build_fingerprint": {
      "cuda_driver": null,
      "cuda_visible_devices": null,
      "git_sha": "fd73c516de4c75bb611b4ce654ff31ed44d4303a",
      "implementation": "CPython",
      "platform": "deterministic",
      "python": "3.12"
    },
    "calibration": {
      "metrics": null,
      "ood": null,
      "regime_id": null,
      "status": "missing"
    },
    "claims": {
      "checks_passed": [
        "CLAIMS_UNSUPPORTED"
      ],
      "provenance": {
        "config_hash": null,
        "data_regime_ids": null,
        "model_hash": null
      },
      "status": "unsupported"
    },
    "created_at_utc": "1970-01-01T00:00:00Z",
    "decision_grade_proof": {
      "calibration_bundle": {
        "calibration_dataset_checksum": null,
        "calibration_dataset_id": null,
        "checksum": null,
        "evaluation_code_hash": null,
        "id": null,
        "model_hash": null,
        "model_id": null,
        "model_version": null
      },
      "calibration_dataset": {
        "checksum": null,
        "id": null
      },
      "status": "absent",
      "uncertainty": {
        "kind": null,
        "required_credible_interval_keys": [
          "control.intended_functional_p",
          "control.no_cut_p",
          "outcomes.top_p"
        ],
        "status": "not_computed"
      }
    },
    "decision_mode": "filter_only",
    "decision_mode_eligible": false,
    "decision_mode_requested": null,
    "determinism_mode": "tolerant",
    "engine": {
      "backend": "cpu-reference",
      "backend_reason": null,
      "crispr_scoring_version": "1.0.0",
      "name": "helix_native",
      "prime_scoring_version": "1.0.0"
    },
    "float_policy": {
      "deterministic_kernels": true,
      "tolerance": 1e-06
    },
    "graph": {
      "edge_count": 5,
      "edges": [
        {
          "prob": 0.43,
          "rule": "outcome",
          "source": "root",
          "target": "outcome_1"
        },
        {
          "prob": 0.26,
          "rule": "outcome",
          "source": "root",
          "target": "outcome_2"
        },
        {
          "prob": 0.155,
          "rule": "outcome",
          "source": "root",
          "target": "outcome_3"
        },
        {
          "prob": 0.105,
          "rule": "outcome",
          "source": "root",
          "target": "outcome_4"
        },
        {
          "prob": 0.05,
          "rule": "outcome",
          "source": "root",
          "target": "outcome_5"
        }
      ],
      "graph_hash": "06bb5e7493bbde1845bc2a50847cf10acd5ba7f9afb6df91d8cc1168023e31ef",
      "node_count": 6,
      "nodes": [
        {
          "id": "root",
          "p_edge_in": [],
          "p_node": 1.0,
          "parents": [],
          "state_digest": null,
          "type": "root"
        },
        {
          "id": "outcome_1",
          "p_edge_in": [
            {
              "parent_id": "root",
              "prob": 0.43
            }
          ],
          "p_node": 0.43,
          "parents": [
            "root"
          ],
          "state_digest": "8122033208f47f2a830498ab3ac1d777605972f47ea3089607da00e8edc10314",
          "type": "terminal"
        },
        {
          "id": "outcome_2",
          "p_edge_in": [
            {
              "parent_id": "root",
              "prob": 0.26
            }
          ],
          "p_node": 0.26,
          "parents": [
            "root"
          ],
          "state_digest": "35d7d8a39e669a985a480a9f9562c98b88ae0e8d9a34032fef47c413b30ad0a8",
          "type": "terminal"
        },
        {
          "id": "outcome_3",
          "p_edge_in": [
            {
              "parent_id": "root",
              "prob": 0.155
            }
          ],
          "p_node": 0.155,
          "parents": [
            "root"
          ],
          "state_digest": "cace6dd80c0e767b8f6841926d53a5c92a775945a7cf51a3d6b55128b9691762",
          "type": "terminal"
        },
        {
          "id": "outcome_4",
          "p_edge_in": [
            {
              "parent_id": "root",
              "prob": 0.105
            }
          ],
          "p_node": 0.105,
          "parents": [
            "root"
          ],
          "state_digest": "f879d27ce6d8ed0a7c584a729f87e5052c86542318e201404410e69f3d6fb8fb",
          "type": "terminal"
        },
        {
          "id": "outcome_5",
          "p_edge_in": [
            {
              "parent_id": "root",
              "prob": 0.05
            }
          ],
          "p_node": 0.05,
          "parents": [
            "root"
          ],
          "state_digest": "363c7bd4cc32765b8541dfd2cb2d8aaebda5a2020570c7d2af3c591bd5294a35",
          "type": "terminal"
        }
      ],
      "root_id": "root",
      "sinks": [],
      "source": "outcomes",
      "terminal_sum": 1.0,
      "terminals": [
        "outcome_1",
        "outcome_2",
        "outcome_3",
        "outcome_4",
        "outcome_5"
      ],
      "terminals_nice": [
        "outcome_1",
        "outcome_2",
        "outcome_3",
        "outcome_4",
        "outcome_5"
      ]
    },
    "inputs": {
      "cut_index": {
        "status": "missing",
        "value": null
      },
      "genome_build_id": null,
      "pam_index": {
        "index_id": null,
        "requested": false,
        "status": "missing"
      },
      "species_detection": null,
      "target_locus": {
        "contig": "demo_emx1",
        "end": 46,
        "normalized": "demo_emx1:0-46",
        "start": 0,
        "status": "resolved"
      }
    },
    "mass": {
      "displayed_mass": 1.0,
      "epsilon": 1e-06,
      "renorm_reason": null,
      "renormalized": false,
      "residual_mass": 0.0,
      "sinks_enabled": false,
      "terminal_sum": 1.0
    },
    "provenance": {},
    "run_id": "demo_prime1",
    "settings": {
      "pruning": {},
      "ui_view_settings": {}
    },
    "validity": {
      "blocked_features": [],
      "root_causes": [
        "CALIBRATION_MISSING",
        "CLAIMS_UNSUPPORTED",
        "UNCERTAINTY_INCOMPLETE",
        "INTENDED_EDIT_SPEC_INCOMPLETE",
        "PROVENANCE_INCOMPLETE",
        "INTENT_SPEC_INCOMPLETE_REQUIRED_FIELDS"
      ],
      "status": "valid"
    },
    "version": "1.1.5"
  },
  "run_summary_v2": null,
  "checksums": {
    "payload_sha256": "a355ca96eec2049613515b4cf5f592a312d360fd68ac4d3d3e880b3fed17225f"
  }
}