{
  "artifact_path": "exports/golden_d0.export.png",
  "artifact_sha256": "e27c4584520b3d913ec60e8ec0c01982787f9a3314ffb50e69a4c66e8a1d5bbf",
  "createdUtc": "1970-01-01T00:00:00Z",
  "engineVersion": "d6ce2724be4ec6d5344695e5c48455a065fdca65",
  "pixel_digest": "sha256_pixels:4f8faf4e81dc3852cb0f5f469fadecf188c80137a39c393fba7064d889ef8619",
  "policyHash": "sha256:cb7caadbb7296447e02d9f79ff44b147d9080d3ec65d576a9b356f0c6661391f",
  "policyName": "enzyme-audit-strict-v1",
  "policyPath": "inputs/policy.json",
  "runId": "golden_d0",
  "schema": {
    "kind": "helix.png_provenance",
    "version": 1
  },
  "semanticHash": "sha256:be912e6f6e1f08f613e1f4e65c693328ec510e08f89d8d691e254315d2096f2e",
  "trust": "viz_derived"
}
